{"cameraMode":{"drawMode":0,"name":"Shaded","section":"Shading Mode"},"sceneLighting":true,"audioPlay":false,"sceneViewState":{"m_AlwaysRefresh":false,"showFog":true,"showSkybox":true,"showFlares":true,"showImageEffects":true,"showParticleSystems":true,"showVisualEffectGraphs":true,"m_FxEnabled":true},"in2DMode":false,"pivot":{"x":0.15239062905311585,"y":5.641822814941406,"z":-7.759893417358398},"rotation":{"x":0.4611022174358368,"y":0.11782828718423844,"z":-0.06191696226596832,"w":0.8773247599601746},"size":1.0535893440246583,"orthographic":false}